avg_accuracy,avg_qwk,avg_valid_fraction
0.4058260847448734,0.263814623854506,0.9014456654456655
