subject,questions,avg_accuracy,avg_qwk
Science,"Q1, Q2",0.2850739578664276,0.19495331475181898
English,"Q3, Q4, Q7, Q8, Q9",0.4428165550154053,0.2354639161465717
Biology,"Q5, Q6",0.4087542087542087,0.4322222222222222
